Date,LSTM,FHS,GARCH,HS
2022-03-28,2.2384014173202122,2.466034900370939,2.865167752253151,2.0167257946723
2022-03-29,1.9038347956441366,2.1735211281705342,2.5595854393000432,1.7977604026638883
2022-03-30,1.0985235520536154,1.4790530522662613,1.8542705436977014,1.164337093281283
2022-03-31,1.7993719001237893,2.086195110350633,2.4575775205457346,1.7930625873570876
2022-04-01,2.469147818524867,2.724739493803387,3.0858792949984672,2.489251302732347
2022-04-04,1.7703765871025752,2.080054368010074,2.4280661459534256,1.9184493184127929
2022-04-05,2.3293398984064075,2.5964437082538083,2.9344327586608716,2.4912455207040214
2022-04-06,1.3730106193404013,1.5426768125774384,1.9609435085820213,1.457756944122684
2022-04-07,1.8786785338498435,1.9846979939254459,2.3953511905550697,1.9314694376612096
2022-04-08,1.0140978893831478,1.1008744938054484,1.499080743856047,1.0994565505626017
2022-04-11,1.712332289726377,1.9306601018741112,2.328963837215962,1.9288363745565722
2022-04-12,0.8270707147709261,1.0346083584656756,1.4212713176821816,1.0812395468392806
2022-04-13,2.196394915325852,2.304069532653057,2.691654888105371,2.3468612320305136
2022-04-14,1.456394988322443,1.6071668537598003,1.9811416324293245,1.7066127953816421
2022-04-15,2.1983333922132817,2.416638228345482,2.782582473273917,2.5495113943370256
2022-04-18,2.1622059977754917,2.3624780117263255,2.7154108428988812,2.5495113943370256
2022-04-19,1.8096717176579415,2.015491218907181,2.355971540971857,2.254358368654061
2022-04-20,0.526665839109233,0.7509215693279792,1.0802428776515804,1.0362382911822414
2022-04-21,1.3782298797644195,1.7154252331004813,2.0521494279582875,1.9699273220622664
2022-04-22,0.5120476541623232,0.7945671360174189,1.122374617385934,1.0861851866396133
2022-04-25,0.19583695493895698,0.3451171815330163,0.6787747341987729,0.6123842173738276
2022-04-26,1.1862661006973532,1.312936903692215,1.5936753444795597,1.4363477826688142
2022-04-27,2.12301060347443,2.0966997008133172,2.4449690403786093,2.2373376055917467
2022-04-28,0.03123361783265275,0.031155257311975538,0.013442637786991441,0.021183550968931843
2022-04-29,2.1049972545335627,2.4532443211693935,2.8405790222659077,2.4312720374984287
2022-05-02,2.249948469470438,2.4478365939077733,2.821275913047093,2.4837040585475934
2022-05-03,0.8723559838512279,1.062866086733691,1.422973580128727,1.1542274879884264
2022-05-04,1.9070378204735103,2.215841040575752,2.5766500257505434,2.304282471144675
2022-05-05,0.5054987622986862,0.7516609583458215,1.099893825466635,0.8924506802542442
2022-05-06,1.5207970845617997,1.6785672678572612,2.0337190602419706,1.7905568533550655
2022-05-09,0.5959954382144987,0.7081842084565901,1.0543709436010222,0.8574909872468696
2022-05-10,2.21572578512079,2.2692027200724327,2.623340861413564,2.385411644154534
2022-05-11,0.9924398722406648,1.0706053771806714,1.4123309472911574,1.2384818263500161
2022-05-12,1.444750586899189,1.6372377211767293,1.9794551357519647,1.8030668599420272
2022-05-13,0.3087707882106771,0.4086050371272408,0.7424144690386333,0.6094325374040281
2022-05-16,1.9259676366198237,2.211757551915831,2.56198789666026,2.344232741459308
2022-05-17,1.2372233093625207,1.4493710983600556,1.7874423244463884,1.6324588126280613
2022-05-18,1.7782104846275673,2.0406652845293456,2.3729167165446503,2.2479779841432603
2022-05-19,1.1196791753249742,1.3134599933015938,1.6345714545751506,1.5671429982354426
2022-05-20,1.9548315613992673,2.078553844948035,2.3955336287673594,2.3494350229720737
2022-05-23,0.12650564580195992,0.23888606545540764,0.5451603203148906,0.5543291779752761
2022-05-24,0.8650758812036223,1.1462474907083482,1.4741339571216936,1.3717294290362707
2022-05-25,1.5301202192287553,1.7694310038765013,2.0963500272286537,1.9989399393274103
2022-05-26,0.8087382677314683,0.980458242804704,1.2981123768690725,1.2485324272126763
2022-05-27,1.3068249112961234,1.5063549397908236,1.8262407931551154,1.7651395571321595
2022-05-30,1.994014464280312,2.1615490840189495,2.4749573987681943,2.447296558827743
2022-05-31,1.9153830465331243,2.036443788340704,2.3391407606339736,2.3667773964154097
2022-06-01,1.8608249399370467,1.956235455180562,2.2487775518116,2.3288388946453056
2022-06-02,1.9974389231905307,2.071102891927088,2.3540359616781568,2.4837040585475934
2022-06-03,1.9728285945162143,2.032103893327286,2.3056678700701942,2.4837040585475934
2022-06-06,1.2733184218472187,1.3061984577006212,1.5953699776085066,1.6660342888591047
2022-06-07,1.326604211552403,1.3831076992642135,1.668066744517967,1.7586316902166634
2022-06-08,1.6776918328343262,1.6393916158888087,1.918803902260016,2.035572927497808
2022-06-09,0.6539969466695437,0.5661934246546068,0.8376715490157232,0.9919232586086453
2022-06-10,0.004605797628561037,0.007559870307981432,0.1295219951116514,0.22744491631700658
2022-06-13,1.5370998947472319,1.3550117951816252,1.6406765397907406,1.6864697486989515
2022-06-14,0.9441501777553817,0.6836533680684623,0.9649052002678404,1.034118191735559
2022-06-15,0.81099637766107,0.6683107236362114,0.958497005661183,0.9802939478679776
2022-06-16,0.037277857144405326,0.04205449982889096,0.026290508041802108,0.02774924529731695
2022-06-17,2.6155767590687593,2.4768128276264694,2.7707885925598643,2.645507711619107
2022-06-20,0.08629192988238558,0.0034443543706694224,0.21806948736741227,0.16037859932879053
2022-06-21,2.1584836046878797,2.3099489006802587,2.620243470954687,2.389550133009559
2022-06-22,2.4037210276382543,2.392061852975823,2.7567295678084722,2.595076289203876
2022-06-23,0.05974734058798393,0.044465995318703024,0.3961309122401047,0.30348482695180834
2022-06-24,0.9704912215104661,0.9710924410903867,1.2816016421628562,1.1404133155178717
2022-06-27,2.055886526205276,2.2307474481521785,2.5447430586098188,2.3810340282899216
2022-06-28,1.5127472008909386,1.6629061168780113,1.966427012874285,1.870380128447844
2022-06-29,2.258904275622518,2.4798793919508446,2.7771675456450997,2.7213814931975047
2022-06-30,0.5518625259109612,0.758856788432684,1.0455430095920994,1.0582408770232405
2022-07-01,2.198907368082762,2.3642898642179446,2.6577779473171095,2.626538714924488
2022-07-04,1.2956793339815769,1.4761627208950874,1.7592942033318604,1.7949541525411372
2022-07-05,0.04930938410565087,0.03850814396771982,0.020637965243500533,0.02439101786328908
2022-07-06,1.7571701336634853,1.9841993301499314,2.307477446561498,2.0838074240419697
2022-07-07,0.22664679093373286,0.41041556557538234,0.7243675811726561,0.5609401548824685
2022-07-08,1.6364185509455864,2.0669975498033852,2.395801792033861,2.136435375807027
2022-07-11,2.2899205426400937,2.585602215578479,2.904452123265066,2.709386422696389
2022-07-12,2.02110841186927,2.329929745224325,2.6372777822127165,2.516509214620725
2022-07-13,1.287006148954748,1.6360836531588647,1.9327617841576594,1.8809162156985124
2022-07-14,0.008413485784530795,0.14499931495354354,0.4355054805819188,0.4235281512888969
2022-07-15,0.8453994141020927,1.2256357588700177,1.3927228265954559,1.247538450419832
2022-07-18,0.7840061733446206,1.2823236827584121,1.4502751385021364,1.2946937554997617
2022-07-19,0.3867350238896997,0.9158616896105538,1.0841975605480005,0.9239923658905747
2022-07-20,1.6482353084824557,2.2400995945715763,2.412317343806452,2.2054202534896934
2022-07-21,1.9025086307025807,2.3345012417378976,2.5013510504339225,2.3590204664168346
2022-07-22,1.3553518397807494,1.8050709168508365,1.9664287120596116,1.8901570049723133
2022-07-25,0.6807415070854325,1.0597147012117067,1.2175928581091966,1.1831748353762854
2022-07-26,1.2980027980760314,1.8083427632872644,1.9684695391653657,1.9070047429955315
2022-07-27,1.1395379473814258,1.5083318018963074,1.6649594995384438,1.645582214459739
2022-07-28,0.1252742063967497,0.562428315239389,0.7175188987077648,0.7166302856374623
2022-07-29,0.35395166860850774,0.6720414334115461,0.8345409949493181,0.7445359273040238
2022-08-01,0.9038844058872965,1.4106752477313846,1.5796580598684304,1.4116713458858368
2022-08-02,2.0538884310675027,2.562134077725636,2.730461170966021,2.570361555949161
2022-08-03,1.245845757014209,1.6919113740353748,1.8542927729552645,1.7657089854744346
2022-08-04,1.889441214043506,2.3844682746091976,2.5441486067870507,2.4880537117507866
2022-08-05,1.7296979379896649,2.1697468578144803,2.3239429199511927,2.33381376235138
2022-08-08,1.6575664756381576,2.123241244589152,2.2725963452903644,2.3406950992628732
2022-08-09,1.7731637368786815,2.2289005119878507,2.3736229920106644,2.497443699319086
2022-08-10,1.794600825504239,2.2241407967156843,2.3640683831017735,2.5455628906248493
2022-08-11,1.9445817692089613,2.3413634818811717,2.476627963593263,2.714211091161695
2022-08-12,1.2195985831710263,1.591448749737279,1.7220784052768672,2.0154100142412674
2022-08-15,1.6289478438098546,2.012162245969575,2.1405384665010994,2.4609747769037926
2022-08-16,1.8918242098187728,2.1748594453252874,2.299223913767812,2.6679142639931097
2022-08-17,1.5592803122576544,1.8071499774102737,1.9274021540907738,2.3455558525102536
2022-08-18,1.9482351291882658,2.109542094607795,2.22650116726613,2.6842648837276695
2022-08-19,0.959422451678099,1.0643793996305582,1.1775371984230492,1.6810232866637458
2022-08-22,1.9937110521316292,1.9824959229757104,2.0969676809826314,2.5846492432078216
2022-08-23,2.060124177004483,1.982368237384745,2.093251898139845,2.6240917073941823
2022-08-24,1.3771615844648273,1.244999159523078,1.3524130478377359,1.9249878730656627
2022-08-25,2.0972160671471114,1.8780066639628366,1.9851703806508176,2.56075431296421
2022-08-26,1.7161398635992864,1.4733614540429465,1.5773643266530375,2.190967431792636
2022-08-29,2.3173846340879765,2.0212936901449203,2.1235685104414186,2.7579569241708217
2022-08-30,1.6193525710131276,1.3444061643053815,1.443547997098176,2.1156205200181684
2022-08-31,2.2191425328401535,1.9343784260499433,2.0325414089255114,2.7163877059567514
2022-09-01,0.703702724838056,0.45287392822705635,0.5481055869651653,1.2672103517491329
2022-09-02,0.005395781204015249,0.01509252798627061,0.013010967225447602,0.3740364686318027
2022-09-05,1.7789304846622485,1.9899297898977506,2.0377831495126166,2.397984395295249
2022-09-06,1.268900779103361,1.271347244111618,1.3927231652842749,1.7441578637587873
2022-09-07,0.5838445225884259,0.6756065973507627,0.7968310396607458,1.1500877517865464
2022-09-08,1.3637919781862764,1.3844961988499687,1.5112543139235985,1.797951064222623
2022-09-09,0.8069152608334669,0.9359369538882276,1.0617498604796818,1.359815739959108
2022-09-12,0.23926052315514118,0.46340746760358986,0.592179429188474,0.8546532894397485
2022-09-13,1.1715001759849475,1.5564797539742483,1.6938335743886452,1.8530833698112876
2022-09-14,1.5751227248635336,1.8310843180363192,1.9662862441515914,2.1514193920098807
2022-09-15,0.9908701672437178,1.2298910186530099,1.3615530016058586,1.589265190875432
2022-09-16,1.7150077446739773,2.0681658631887014,2.2001345522745903,2.424157627753171
2022-09-19,2.027549407552179,2.3022798477898467,2.43003361283937,2.704754515050013
2022-09-20,1.6966812303833338,1.9660420824389389,2.0894906507200974,2.415995195512851
2022-09-21,0.8403901038254772,1.133062474309651,1.2527659344473998,1.624317280109932
2022-09-22,1.0682932828178824,1.2915732422906974,1.4120646580621374,1.7741383386837886
2022-09-23,0.0238577969894382,0.015658545338619434,0.009342394932963871,0.19039652411051047
2022-09-26,0.5066962848607707,0.7476203361834806,0.8011757177055093,0.9821224863434572
2022-09-27,1.8693794193194633,2.027386775355689,2.083231772646919,2.192199884546504
2022-09-28,0.23405811862356596,0.3304639321442253,0.3847621544983216,0.5423562340161646
2022-09-29,0.47335059782092526,0.5506043105240275,0.570545254492215,0.5906455098214951
2022-09-30,2.040985097380351,2.0330987893906376,2.054237574401624,1.9635417464891514
2022-10-03,2.7379717650477313,2.742700598863266,2.763343989884825,2.718470363524055
2022-10-04,0.13495954143301214,0.09804767691321524,0.11795650398096715,0.14102745963437238
2022-10-05,1.5561820520582135,1.856189865158706,1.8781663363928043,1.709987479271796
2022-10-06,2.146952896998861,2.2540422895641803,2.275641813887931,2.142329220122707
2022-10-07,2.568802554207014,2.674302934639119,2.695270678076648,2.620395594097217
2022-10-10,1.9258602845183683,2.1063298448860377,2.1265546603215415,2.1203978033972186
2022-10-11,0.6618362469743703,0.8825955792224807,0.9022682789338649,0.9471801845105237
2022-10-12,0.1323230639199793,0.3473528656000801,0.36769314588137664,0.3508561968506486
2022-10-13,0.04187906272026152,0.02981842782598141,0.029149610577141383,0.03684516572280235
2022-10-14,2.4269834950153917,3.173337782084844,3.188088754706549,2.7160891468538346
2022-10-17,1.1330502257608634,1.6993356246287568,1.7135434851852214,1.3281316068263724
2022-10-18,2.138355112195486,2.8203531089790994,2.834464335548408,2.464458702190057
2022-10-19,1.3213844199353162,1.9730824063791645,1.986697646560986,1.6957665503027355
2022-10-20,1.6046130688605735,2.2107879674812363,2.224145988748939,1.9742230069882314
2022-10-21,2.1732665040323664,2.824269699029176,2.8625631843664436,2.6278629969015816
2022-10-24,1.3120054926534244,1.9507775426958274,1.9876944888432786,1.8275757191861988
2022-10-25,1.4035778214563983,2.0959717711096775,2.132126031855262,2.0133298478777837
2022-10-26,1.2699268295008137,1.859586322772551,1.8947915065397496,1.827416674878574
2022-10-27,1.4214088595373262,1.9436847233891288,1.9781992090367393,1.948246664671938
2022-10-28,0.04848370867675198,0.019009032396432216,0.017232959960034943,0.016616218191569145
2022-10-31,1.206456527913134,1.7623576571380202,1.7755387721303824,1.5538197535945792
2022-11-01,1.204864027177896,1.8158180419882517,1.8288485278962459,1.6311441303675047
2022-11-02,1.8730639387483945,2.485612265740506,2.4984623048879406,2.329526326054748
2022-11-03,2.118396670034187,2.6192125408436375,2.631640621007561,2.5299770757292883
2022-11-04,0.0036371188267729673,0.42921837503360866,0.44121542190607477,0.40827101662159304
2022-11-07,1.6166427114050488,2.3780135401972755,2.3908686864869595,2.2211184818615033
2022-11-08,1.6531452575372516,2.256178843470222,2.2686353879791823,2.1624338050360947
2022-11-09,1.9174920742289374,2.536051273389699,2.5481497872599292,2.4990286156738564
2022-11-10,1.5884065049037523,2.1549009941115167,2.1665840052808796,2.1837059495621722
2022-11-11,1.3826346153830156,1.9773527166959524,1.988710170113565,2.0577354108734207
2022-11-14,1.490395577493893,2.0593890114909525,2.0920231636952256,2.163947801755015
2022-11-15,1.9857399412595522,2.5306638384112605,2.5624110769209083,2.682389036896712
2022-11-16,1.1270271942715495,1.6231230616697874,1.6537682252526453,1.83345702468616
2022-11-17,0.612373310180305,1.031064016864586,1.0612886713455865,1.2637608141445673
2022-11-18,1.376874039487519,1.9039255095469607,1.9348682132065969,2.098436177908416
2022-11-21,1.984200209763366,2.453652606003317,2.48385998470976,2.687268135556852
2022-11-22,1.8526030772995215,2.2532133349025774,2.2823840472750248,2.541959175099614
2022-11-23,1.919011141711084,2.2989269416889146,2.327140809682541,2.638558130538627
2022-11-24,1.4087679019637809,1.7690670975562692,1.796341607888099,2.158653684784321
2022-11-25,1.9217936424026272,2.29332018345574,2.319999257403448,2.7145723044708325
2022-11-28,1.2640657720571569,1.586338123119103,1.6121378743742436,2.0543529599737504
2022-11-29,0.0073249513849375615,0.1164019991550809,0.14178867051658312,0.6063845821495027
2022-11-30,1.4444123885305638,1.9504977882874353,1.9791975513972782,2.2642888897158193
2022-12-01,0.2988471111279687,0.7071809171750757,0.7351093018420167,1.0619942181157602
2022-12-02,1.8959189931203326,2.2052417173328913,2.2345907787212838,2.4845028889055025
2022-12-05,1.8932257871953146,2.1873173166336586,2.215723957394208,2.5166967762860724
2022-12-06,1.8592688750719957,2.117200577029942,2.1446864433214294,2.4955471737902863
2022-12-07,1.4087020875150027,1.661765212572268,1.688390585430615,2.0858731779813406
2022-12-08,2.0009464245387734,2.1861979521500143,2.2123218690336732,2.6369735373630516
2022-12-09,1.1526499673142798,1.3351165144508048,1.3603965426268676,1.8307704226812065
2022-12-12,1.5614531858428764,1.811496110455059,1.8367685087548462,2.3075557784130196
2022-12-13,1.0918727552949081,1.2639967093614886,1.288622140865155,1.7944623180512849
2022-12-14,1.7082591971277925,1.9463862739897717,1.9711207947150637,2.471050476307204
2022-12-15,0.7758990556417372,0.9429639935310232,0.966970965476829,1.5063195171598631
2022-12-16,1.9474360754142648,2.064687926954875,2.089422373186926,2.589356090851229
2022-12-19,1.884855428594119,2.004358103046511,2.0283257295206574,2.5698060338500377
2022-12-20,1.3366642893314677,1.458448216710546,1.4816921882127607,2.062380394656051
2022-12-21,0.985780246192815,1.1406078314485348,1.1636227264862884,1.756722383059223
2022-12-22,1.7780467913800102,1.9765997638192512,1.9999340662543625,2.575728108334461
2022-12-23,1.9393415934040241,2.0674864439946523,2.0901181408459015,2.703979621173905
2022-12-26,1.9488488352999058,2.060162499456337,2.082102413874636,2.7334449300100943
2022-12-27,1.9237137115701999,2.0251265325599963,2.0464076332162016,2.7334449300100943
2022-12-28,1.2454224210449945,1.3325330010796124,1.3531872758678756,2.0741862370266975
2022-12-29,1.7749371550667201,1.8917093336841801,1.912299872472344,2.6367520744019237
2022-12-30,1.134532570640317,1.2071515711730556,1.2271630574453574,1.9829885453210558
2023-01-02,1.9492207444414462,1.9630073670709227,1.9831203834771614,2.7334449300100943
2023-01-03,0.011491357933210357,0.011659630826429502,0.01063100543595057,0.5791713395304916
2023-01-04,0.3450652113960066,0.6642197576943947,0.6884473024693951,1.215845134221658
2023-01-05,0.0290007961033526,0.009995764714866885,0.008640628173627863,0.2808690348952469
2023-01-06,1.7370283517695018,2.3292133404502673,2.3594270752366366,2.562490851251495
2023-01-09,1.61294522163497,2.0494677621971773,2.078664634778131,2.336822392538014
2023-01-10,1.814707698377601,2.1734065223319763,2.2222329933018212,2.49864012583126
2023-01-11,1.4388044245655014,1.7691030977656532,1.816342226573606,2.142650638668865
2023-01-12,0.49357399800315666,0.843209844639532,0.8893869209411983,1.2490830803678574
2023-01-13,0.5486298167313328,0.9961851287010213,1.0441594593194103,1.3473553302369332
2023-01-16,1.6608281652664214,2.140258531540799,2.189430479837881,2.4549768407555117
2023-01-17,1.728090338126049,2.1248171904300226,2.1724310310691077,2.4869596263794977
2023-01-18,1.8801195514752442,2.2199561242407744,2.266045693062031,2.62849282537208
2023-01-19,0.781749935859457,1.1044983993596746,1.1490783289583808,1.5589839933332579
2023-01-20,1.3794246654816096,1.6316402125490468,1.6768525500314162,2.0668772061650205
2023-01-23,1.565956960434281,1.8336682956941772,1.8780821785033939,2.293207856220231
2023-01-24,1.5470375760896409,1.7853424298390956,1.82860709380982,2.279860767064495
2023-01-25,1.5225945402025582,1.7418978144910515,1.7840932279691428,2.2689609316702706
2023-01-26,0.602577746245069,0.8040324865410856,0.8452329029859978,1.3613803309405497
2023-01-27,1.8670861599750033,2.1703298960128636,2.213397049737234,2.6708598531070686
2023-01-30,1.6397943088235587,1.8643599802883595,1.9060470282356856,2.4068962204157067
2023-01-31,1.4177245642345897,1.5506457031735936,1.6339602078791549,2.1178975004588096
2023-02-01,1.4993209275676502,1.581807441869568,1.6635367045193319,2.1717072453207242
2023-02-02,1.662202998435606,1.7601967583529434,1.8403136074595663,2.373132761060583
2023-02-03,1.8912684012554908,1.9276727884456655,2.005617757324843,2.571637968434453
2023-02-06,1.2396890402002916,1.2601193843346787,1.3357526243322113,1.9371117287076076
2023-02-07,1.0028985429244872,0.9674988690515011,1.0429082364156765,1.6476896327207897
2023-02-08,1.4544196853957898,1.4989183554590393,1.576242427469417,2.151754153068374
2023-02-09,0.15338508651649632,0.1695583703863076,0.24561084176342882,0.8405612478288358
2023-02-10,0.4577623917698123,0.6032050324050635,0.7517520253988,1.1220728750923843
2023-02-13,2.0868031043298902,2.091036177792149,2.24741809084897,2.5481278658259088
2023-02-14,2.0319446910926504,2.0258345234669033,2.1771496898272877,2.4798056955842775
2023-02-15,0.47429497312305685,0.437855568495928,0.6212717626098456,0.9178064241585363
2023-02-16,0.8554425661831702,0.8216672651859805,0.9782049419411543,1.1855627251234653
2023-02-17,0.5315496790382702,0.621468642420485,0.7828519236785456,0.8847087608578239
2023-02-20,1.8691693803067893,1.8077030684536355,2.0193260994565896,1.9648439189379117
2023-02-21,2.131118662740605,2.0894386740206095,2.295008619547368,2.2175007597720007
2023-02-22,2.154341262312372,2.1027385733259245,2.3015185418333375,2.2721958873245724
2023-02-23,1.9787493835570498,1.9486971708243581,2.140981270721811,2.157756675376425
2023-02-24,1.8795396803412099,1.8641776475435956,2.050386955490646,2.1102722405245378
2023-02-27,1.2387064305007478,1.218263211599144,1.3987387563944027,1.4993138042407466
2023-02-28,1.30967232467483,1.3467117531465096,1.5264367412622646,1.6323381293249393
2023-03-01,1.8571374027920498,1.896326970536696,2.073847936757748,2.195390209481115
2023-03-02,0.9448331593681649,0.9464202720312599,1.1184985699490904,1.2786648451751956
2023-03-03,1.820026076161346,1.7632183390979606,1.9380205227965754,2.0788566890847706
2023-03-06,1.9244518866431264,1.8720959323132276,2.041872064223641,2.2183757057337723
2023-03-07,1.4896216782948084,1.417258800883404,1.581912190190717,1.7947694751896381
2023-03-08,1.585375310729776,1.4701125599361105,1.6317937783917345,1.8657431322103295
2023-03-09,1.0416504932524147,0.9402345133255352,1.0987381351126997,1.3552373660940522
2023-03-10,0.03958039919702844,0.04820327581707976,0.039715701110746016,0.02724671560454366
2023-03-13,0.09708531371990388,0.09974873724038531,0.09071042304843785,0.09483938058774893
2023-03-14,1.238038248922511,1.4086888560696786,1.5830473751032013,0.97682902315158
2023-03-15,0.11927388440285239,0.10729126799628995,0.09813935904807705,0.12974025235640282
2023-03-16,1.8081291295925725,2.10055218016125,2.2454323988101224,1.1817962572313694
2023-03-17,1.3972285184057431,1.6740483793119523,1.8161114604987585,0.8042327026813504
2023-03-20,2.4257951929615302,2.483563238034201,2.624566835563128,1.6321532628877722
2023-03-21,0.14114971168610005,0.09847989183367539,0.23533575037019627,0.035835483470116516
2023-03-22,3.0408466038819335,3.321696100764969,3.468698398419215,2.366074717562753
2023-03-23,1.6975578180125814,1.8209344650401773,1.962464370203108,0.9603812991250417
2023-03-24,0.38891792122808544,0.4227178570573083,0.5624795800922603,0.021427255921582677
2023-03-27,2.627369392161711,2.6371281759270957,2.784095194393363,1.7310173520099361
2023-03-28,3.092550593360721,3.1994494659607904,3.341911168334571,2.371606487397789
2023-03-29,1.644296603627222,1.7887976438869333,1.9259950805728794,1.0524072347553544
2023-03-30,2.0620398548182854,2.383591359681224,2.519208269628922,1.6746583852307806
2023-03-31,2.6042712187301422,2.9891532404069294,3.120965811259271,2.3463105064363385
2023-04-03,1.8277956437409124,2.258645689673479,2.385639077071395,1.6995234089632831
2023-04-04,1.8200169161554771,2.3845161386104925,2.5080716659397075,1.8851175031857093
2023-04-05,2.1321329967312996,2.6682119337296237,2.787964360462508,2.2348820231688804
2023-04-06,1.214780764206305,1.802400832922804,1.9179626315077256,1.4418719043771773
2023-04-07,2.207484690020975,2.867883626899994,2.9815410319956577,2.5404384536449878
2023-04-10,2.1837644971117345,2.796376721431111,2.9059179890443247,2.5404384536449878
2023-04-11,1.8237833361180438,2.4201504566922596,2.525749609314439,2.2326959179393064
2023-04-12,1.8204843074942256,2.410658319967304,2.5126915270306007,2.285152570114973
2023-04-13,1.8920716245820877,2.449795138633905,2.5483568739989333,2.384596946443176
2023-04-14,0.174861421076817,0.6680166843089275,0.7631515608182903,0.6623510206821985
2023-04-17,1.0164537029662182,1.6454839761365434,1.7451041022817348,1.5618990682957818
2023-04-18,1.7516693565218933,2.1990342748000318,2.297154777471377,2.1415013232995164
2023-04-19,1.9347087174608235,2.3517292484673527,2.4467669321893646,2.347752050176633
2023-04-20,1.8101464759521444,2.183889280684398,2.275701199552126,2.235951139272507
2023-04-21,1.7365837147621264,2.048157536049084,2.1369928108929424,2.1519306418287503
2023-04-24,2.0969247313349366,2.344987185409805,2.4311203709308002,2.49570188305862
2023-04-25,0.8102485745258071,1.0498883441639926,1.133099487673687,1.2513657247331478
2023-04-26,1.1308330094196264,1.3006937279036566,1.3852528929206358,1.478752831774718
2023-04-27,1.283128896842427,1.5369266696870842,1.6215247900197922,1.7143090288937162
2023-04-28,1.0498551954422677,1.3113765682047145,1.394889772632535,1.5076064463251913
2023-05-01,2.178334782193598,2.3416487401281723,2.425014593270761,2.5404384536449878
2023-05-02,1.350599214806264,1.51005808499457,1.5906175769405468,1.757600835953241
2023-05-03,1.2999860700053405,1.430098617422488,1.5095633653350504,1.696659624803288
2023-05-04,0.7749942601424324,0.8633270608750012,0.9420283200660565,1.1431516475381125
2023-05-05,0.6657787860837461,0.7099834300223271,0.7912050295463062,0.94602382854687
2023-05-08,2.1415774977907502,2.3719538374900564,2.4570641367996644,2.5404384536449878
2023-05-09,1.9112337438373066,2.0719437491108517,2.1541699113695087,2.290532550643692
2023-05-10,1.923599146696088,2.0997355083172184,2.179385286046437,2.3630821163576217
2023-05-11,1.9051013905256458,2.0887263403568848,2.1658329448742966,2.396253796880371
2023-05-12,1.9361068191315536,2.1119023618804498,2.1865345701306493,2.462415850995541
2023-05-15,1.094380211541286,1.2695479037211175,1.341792329731914,1.66154273781102
2023-05-16,1.5142616362682777,1.7474964021765507,1.8197733827720157,2.138925687224825
2023-05-17,1.4453603317286707,1.5965821373125244,1.6670122118791044,2.020096486424003
2023-05-18,0.9222263246849309,1.0859224903713691,1.1549985529571307,1.5329591846739183
2023-05-19,1.870733143750074,2.082086868989564,2.1521826774160515,2.511408200346651
2023-05-22,1.02979835064334,1.1742602994545521,1.242157165700674,1.6417823836517365
2023-05-23,1.102027929681775,1.2933551140741353,1.3617394152750686,1.7524093165777297
2023-05-24,0.023236089769223044,0.2142193217308129,0.28247284598859446,0.6755454246632245
2023-05-25,1.8689792678468422,2.0309679761309223,2.0755307719417244,2.321659009845336
2023-05-26,1.9716193947028862,2.0904673503133138,2.133649361323377,2.4231853345067846
2023-05-29,2.0468228853449193,2.1365651043948786,2.2081257698490386,2.5190484216879403
2023-05-30,1.256341028589298,1.3358350099441973,1.4051275667461007,1.757720662966224
2023-05-31,0.5096108452169845,0.5367409699548463,0.6056054566723837,0.9660631984526296
2023-06-01,1.4080372176548375,1.4141743324986311,1.4794061513108796,1.7490011370525917
2023-06-02,0.6487586293756888,0.6892610437233357,0.7735680915405083,0.939168900792584
2023-06-05,1.337779519227611,1.4943363702455128,1.5830482300190085,1.6783799711845908
2023-06-06,1.2748138113316692,1.3049946304241375,1.3924408192315496,1.5079635515615069
2023-06-07,1.8417219602977428,1.9394656707433648,2.0267264616744023,2.145206808569344
2023-06-08,1.7402804861181815,1.8243857288370433,1.9090490758936518,2.068965915940381
2023-06-09,1.697406249747368,1.7286349276683581,1.8355117187881302,1.939119295439012
2023-06-12,1.702389350957811,1.7112573883141702,1.8153326887139152,1.9533553919020643
2023-06-13,1.3979711197754294,1.3908074243014479,1.4921814805147928,1.6633878240478535
2023-06-14,1.6347343352906443,1.674840942583,1.7751289649851414,1.9596767737492407
2023-06-15,1.1612272627679432,1.1873449863781693,1.2851848512524877,1.4998072379906846
2023-06-16,1.989930421356242,1.9537591228351154,2.0517431894684637,2.2645941186935468
2023-06-19,1.8439671589082305,1.8032077049055948,1.8982325801866449,2.147435921400564
2023-06-20,1.515807447411764,1.4849037408536656,1.5772595102695137,1.8592516861690513
2023-06-21,0.7881117133701947,0.6834517848306706,0.8063370418964271,1.0738359777790627
2023-06-22,0.4608631135952737,0.31494365087703996,0.4440993039919138,0.6547637584000309
2023-06-23,1.3242986151088856,1.189427516539386,1.2941861799738514,1.388593680537422
2023-06-26,2.1968094249513195,2.011660707286523,2.1166087738987667,2.2086895366712076
2023-06-27,1.491679038370062,1.316013001960958,1.4176928683128032,1.5499220865866845
2023-06-28,1.673226515295445,1.563750296989618,1.664830324651745,1.8044283070843026
2023-06-29,1.3671785930692357,1.2660577168006235,1.3651265526650507,1.529431174214325
2023-06-30,1.05342934466227,0.9670393582659382,1.100948872970466,1.2227995018573043
2023-07-03,0.9830877116345083,0.9634315462545803,1.0999557782565572,1.1981067714841904
2023-07-04,1.2993886644594537,1.3307962912860307,1.4700052894564029,1.543821728396584
2023-07-05,1.3835957824523208,1.3321708066551827,1.4699248987775981,1.556928516036668
2023-07-06,0.5433818395274036,0.4610910772819248,0.5973778471035632,0.697681182828166
2023-07-07,1.939895184147377,1.8758432489506702,1.9838513801462294,1.9926154275545698
2023-07-10,1.9520399079978483,1.910376616502011,2.0152201372779515,2.0628600828835415
2023-07-11,1.995593330000086,1.935071053268185,2.0367348171899184,2.123436728524313
2023-07-12,0.005102293947638348,0.007686127944093735,0.002497299109427198,0.0770407823186899
2023-07-13,1.638300980491299,1.8873616940581892,2.0036458330970257,1.9107426305967186
2023-07-14,1.6173846320974739,1.778051403371341,1.8909672487795608,1.7962177657759588
2023-07-17,1.3710964722382781,1.4743016592514575,1.584164997318098,1.5269142736947783
2023-07-18,0.8233311471105496,0.9684378800266148,1.076735730531947,1.038716358320849
2023-07-19,0.28889238569426573,0.5043985058485736,0.6150752790631111,0.5478318492906583
2023-07-20,1.7442896633401457,2.0657867370913827,2.184198672085352,2.0219320571485593
2023-07-21,1.4832971411102966,1.7145413632448834,1.8291626877409422,1.7134621167344297
2023-07-24,1.7366628735854468,1.9060400948388205,2.0178135570461473,1.9370977676513523
2023-07-25,1.8295008292890103,1.9977074066355975,2.106159950230547,2.0662402389551198
2023-07-26,1.036567720920873,1.1692233456415386,1.274269235139534,1.2761988260864032
2023-07-27,0.9258617773364144,0.9925552870573819,1.0979530591918603,1.0955599210380162
2023-07-28,1.0261056829675976,1.0292915616204898,1.1365846031543758,1.110908883431895
2023-07-31,2.013582939904438,2.0989760935741284,2.2080520966566075,2.1604734497292393
2023-08-01,1.28937444620621,1.3102873165649522,1.4158761361521053,1.4111360609866845
2023-08-02,0.3257571849645295,0.28875960102873927,0.3936600617403549,0.39737618371145
2023-08-03,1.6887106673811094,1.653230705289487,1.7419846911148187,1.661708607636218
2023-08-04,1.9597110741510564,1.9676369757057723,2.054561708017594,2.0034673333072264
2023-08-07,1.6830089566911266,1.6845456505949226,1.7688338795887109,1.759799105379386
2023-08-08,1.0477292895615602,1.0743673310887105,1.1567374818858198,1.1783014185259275
2023-08-09,1.6209278014768045,1.586560426562422,1.6700000843338836,1.6745023940203496
2023-08-10,1.9129146548186506,1.9292333899524778,2.011105326620145,2.040617171804487
2023-08-11,1.7476656502149062,1.7348618164942724,1.8142566458632976,1.8832852793127879
2023-08-14,1.764693912030516,1.734307386085204,1.8116347682224847,1.9136449663183697
2023-08-15,0.846812159526591,0.7990714749033784,0.8743684377273527,1.0087695016276312
2023-08-16,1.226987670794675,1.1535473776297254,1.231934323183748,1.3170415218755125
2023-08-17,1.814768524042207,1.7012203129709713,1.780096572557423,1.8573978441400731
2023-08-18,1.455276116745574,1.3511173247107313,1.4510581426157196,1.5589257157741048
2023-08-21,1.807683960622531,1.657111597176874,1.7560717135634032,1.8759867893645017
2023-08-22,1.6324229191098358,1.4640343013860901,1.5605519192107866,1.7104720549864345
2023-08-23,1.893142004562478,1.707327747579723,1.802231016044483,1.971982749726339
2023-08-24,1.5800517363441382,1.433014987912416,1.5254669801709633,1.7253316034695925
2023-08-25,1.7910888923432398,1.6817118349017857,1.772839828466816,1.9889692147528126
2023-08-28,2.0349385536417333,1.895167248822677,1.9839413179787462,2.2289876682990784
2023-08-29,0.03940301856794791,0.004803811381918444,0.0002637798466988639,0.27091144709476933
2023-08-30,1.667052421891317,1.82045721728063,1.9237424457988512,1.99052535156064
2023-08-31,0.982633430522961,1.027344836422075,1.1276545951374624,1.2309898867559288
2023-09-01,1.4876716390619074,1.4767766758644472,1.5785955600756572,1.6633918843764486
2023-09-04,1.828179928853571,1.854269582354305,1.9545068511653456,2.058732650545599
2023-09-05,1.542518341788469,1.5321851520757872,1.629471760780199,1.7699451694108257
2023-09-06,1.6693350338250748,1.6182529045593221,1.7135994507327519,1.8779057055750865
2023-09-07,1.5695464927888247,1.4896732670320185,1.5827659449504432,1.7747600163683652
2023-09-08,1.932535545393937,1.8262953620257711,1.917672983584321,2.130735795734342
2023-09-11,1.2866788685970127,1.1539977085340107,1.2743468176126238,1.4758837826710054
2023-09-12,0.622797465830223,0.5402937891572727,0.660998107964119,0.8346180749205289
2023-09-13,1.1676814358329408,1.1902088377323925,1.3199510462430972,1.4116521406244644
2023-09-14,0.3261444397303653,0.3020096930835545,0.4645509908809237,0.5180120627945765
2023-09-15,1.7239962649073517,1.8171111616739886,2.0106174221188864,1.9205322276586796
2023-09-18,0.7751155420013247,0.7962839805195834,0.9839996201506147,0.9326016111350227
2023-09-19,1.4325734830098407,1.3901644089321803,1.5832879828066586,1.4957595204815513
2023-09-20,0.6190378008569357,0.6119030905781588,0.8020989372443014,0.7341306445591914
2023-09-21,1.658283536656168,1.7522377279997112,1.9520539994119388,1.819811569605555
2023-09-22,1.8390749461828115,1.835636913091306,2.0296494664709064,1.93618172473576
2023-09-25,1.3675451238108185,1.3548199341639329,1.5429702766182447,1.488668014452924
2023-09-26,1.1090851986427237,1.0494416405231515,1.2348241680214993,1.1990137004184047
2023-09-27,1.5484934092410019,1.5566081961296887,1.7434185795149415,1.686235248837537
2023-09-28,1.9435618207317937,1.861433638459477,2.056483784659314,2.0208999144871442
2023-09-29,1.8453927646236787,1.7570955480499966,1.9462442402237417,1.9475202334457862
2023-10-02,0.5765952620526935,0.4861702270804633,0.6698517180785749,0.7052752768991236
2023-10-03,1.6307314489281168,1.5090990532213555,1.692506965770263,1.6498360908402057
2023-10-04,1.6232300246909488,1.4617589560938156,1.6410889597876988,1.625662627571055
2023-10-05,1.946931179610954,1.753525417504441,1.929193190076568,1.9382342542069875
2023-10-06,1.2091393222138886,1.006170903039436,1.1767533632390341,1.2197694412969216
2023-10-09,0.7964678337668901,0.6647448360498347,0.8373865873061282,0.866644524819909
2023-10-10,0.0797496276294234,0.006898653734547478,0.04954693993144829,0.025493039644966672
2023-10-11,1.9689069769626026,2.0214021473989283,2.2315007858378957,2.010508950970791
2023-10-12,1.621373615361806,1.5837585277369388,1.787050169685984,1.6115359345428766
2023-10-13,1.6440296701753594,1.5696522626678389,1.768052713429473,1.6252165669740752
2023-10-16,1.90689449317263,1.7948996305063196,2.0020675095769516,1.8851776909453177
2023-10-17,1.5793633169099386,1.4963613153050215,1.6973598437452366,1.619003142623758
2023-10-18,0.9827333017995326,0.9215165989670987,1.118268808858729,1.0664341683916478
2023-10-19,0.6688258937855385,0.5398459776647171,0.7397233243949223,0.6683694067380511
2023-10-20,0.6491461978487572,0.4880000100537294,0.6852894000713126,0.544256400769379
2023-10-23,1.7459785825714889,1.5500991307261764,1.74939372659658,1.5287909108030084
2023-10-24,0.31241481643080726,0.08274403279792043,0.27763752706664546,0.087899832431263
2023-10-25,2.2127666380559057,1.9770824027824838,2.178546765576785,1.8449228077065656
2023-10-26,0.010691841482600805,0.010848807668783423,0.0005814470613873524,0.015611527348966604
2023-10-27,0.03423265005277916,0.04462009068440355,0.03416363589410002,0.05961313569050537
2023-10-30,2.6813935046422674,2.5675626730574823,2.7586382678805377,1.944790292216975
2023-10-31,2.371022031886035,2.2275507207206693,2.411814922453017,1.6698532443379095
2023-11-01,1.8620208222715633,1.7548053905010987,1.9331617560016032,1.2535503882524142
2023-11-02,0.7317666208617291,0.5730008826525678,0.7475527951205981,0.10809298507179727
2023-11-03,1.5887249883368637,1.6737953256307698,1.856619126523576,1.129859196708919
2023-11-06,1.9250402466970917,2.023233951814969,2.202935517862348,1.5091271296964512
2023-11-07,2.2953419818006635,2.4345311804304353,2.609142859139511,1.9690522862306108
2023-11-08,2.2619235630607992,2.442399180104352,2.610906146233944,2.035243683565118
2023-11-09,1.586146349274419,1.8177823835977647,1.9803858254656912,1.4670281653544517
2023-11-10,1.2684923058793325,1.569875804539677,1.7284710640628553,1.2574150865627893
2023-11-13,1.6078747310726453,1.8428504474673228,1.998778110089001,1.5558755018111863
2023-11-14,1.56269492413201,1.8324890097737851,1.9843279214637963,1.5845773031183081
2023-11-15,0.7949919284571347,1.0661306281449532,1.2139624842565158,0.8565016568201113
2023-11-16,1.141354071280144,1.478281638499493,1.6278971200712213,1.2516122093911979
2023-11-17,0.15567559253155208,0.3658222293850731,0.5133712684434976,0.14706189852823362
2023-11-20,2.0068415266207627,2.4031609873404243,2.561719385674725,2.079219088854474
2023-11-21,1.5980438958072989,1.8930046884944178,2.0460840710330337,1.621408385788737
2023-11-22,1.3417413649433778,1.5818892523559667,1.7306034620719781,1.351997076924938
2023-11-23,1.6779968303060098,1.8555458442972348,2.0014945106602378,1.6520752051179228
2023-11-24,1.8310196333306872,2.026677451451642,2.168584991025895,1.8618150582181312
2023-11-27,1.535268718779565,1.7052687084497926,1.8426866302007259,1.5832993691060806
2023-11-28,2.027902611803,2.1340823464038112,2.2681029794164624,2.0445701325137318
2023-11-29,1.838499502970406,1.9267528953420892,2.0563929283989237,1.8790921969637613
2023-11-30,1.369023847192963,1.4309291081556907,1.5565759416049931,1.4214187674913261
2023-12-01,1.2401982076319342,1.3310306382075314,1.4550256763091682,1.3373012725950617
2023-12-04,1.5111393563784978,1.6074172778906624,1.7304905119914942,1.6224946727282679
2023-12-05,1.4576104650326085,1.5272187976155691,1.647597891459053,1.5680355555332268
2023-12-06,0.6984456523753052,0.6977802880461995,0.815788111599311,0.7612517636603016
2023-12-07,1.4969574917266268,1.6135688242590678,1.737421340283244,1.6212010906138572
2023-12-08,0.9761957569974345,0.9950068671306334,1.1160207386947572,1.0297590654240782
2023-12-11,1.3452219974665927,1.4523951837782987,1.5756215735105938,1.4660093554614126
2023-12-12,1.6133392448597597,1.6322147813831676,1.7535005887671131,1.6643689505718648
2023-12-13,1.8903976921857029,1.877841371556574,1.9962319708315297,1.9376558722763941
2023-12-14,0.009901434932967879,0.011256769509064691,0.0052128747096924725,0.006320262092910889
2023-12-15,0.8597704870566627,1.1422965244854146,1.2787836510417132,1.029219845946029
2023-12-18,2.0530851365479634,2.171106092011252,2.3082381985070666,2.051867383563703
2023-12-19,1.7801820739609175,1.8810276456006039,2.0136426329629282,1.8049447339367097
2023-12-20,1.218499548063076,1.330956030413512,1.4596671558906413,1.2921699588838236
2023-12-21,1.7110366233571077,1.8677254785686066,1.9955404228569678,1.8375013714504995
2023-12-22,1.6624249594786982,1.7481261087261273,1.8721263530288708,1.7543470039435498
2023-12-25,1.953916153977808,2.0464518054531853,2.1671428882578376,2.0842878732874013
2023-12-26,1.9416421330675449,2.010468781810909,2.127393519959936,2.0842878732874013
2023-12-27,1.286529911301133,1.3418472465971583,1.4551840559545666,1.4499448065464717
2023-12-28,1.6501498372942316,1.7312270159907308,1.8435266017854597,1.849234035479939
2023-12-29,1.5389427421183712,1.5573851656679194,1.6666100284014864,1.7047675723612687
2024-01-01,1.8929394758447973,1.9148560990106718,2.02177305347663,2.0842878732874013
2024-01-02,1.8778491917725366,1.867587572229247,1.971401063806013,2.066669309195381
2024-01-03,1.0111542868610974,0.9848169576590459,1.0856851771070695,1.2120373293842683
2024-01-04,1.3357491056685322,1.2566901005943125,1.359444378922918,1.4658913828585274
2024-01-05,1.9192287088020081,1.8708747602746787,1.9732190305765547,2.0839931902957445
2024-01-08,1.7440673258888195,1.653982238794231,1.7534503520440048,1.8945789897517882
2024-01-09,1.3838148201646088,1.2876265512981553,1.3846269158438305,1.5517997584969532
2024-01-10,0.885552471950904,0.7378912734705942,0.8340969641136539,1.009656661534469
2024-01-11,0.011582735769147035,0.021243863257512263,0.015927099785662924,0.009360465383466266
2024-01-12,2.1801013030903733,2.063263875534197,2.1646573509595077,2.0291662015125542
2024-01-15,1.2265861034142853,1.0934333338324447,1.191599214127479,1.0987068771378272
2024-01-16,0.9649723462603861,0.7858045186081071,0.8849468483474296,0.7791670254519149
2024-01-17,1.2922420474754719,1.0712846323226093,1.1742489716709417,1.0180250676646965
2024-01-18,2.1167131362689697,1.8533542140215173,1.9575397753995154,1.7851978001635622
2024-01-19,2.284674684016106,2.064344181974601,2.165576732586068,2.0322095192859733
2024-01-22,0.8959791727708337,0.7001969421994819,0.7982196983333524,0.7072163588955748
2024-01-23,1.4127359856800124,1.3995841724656684,1.5025619187017591,1.3461610663875017
2024-01-24,1.9014881838837199,1.9048963683415772,2.0068914956366037,1.8634595561809464
2024-01-25,1.2861565909357022,1.2891989001123207,1.3881694876841637,1.284656371760303
2024-01-26,0.5036716527680665,0.4793463717912216,0.5778650718430444,0.48031610908590755
2024-01-29,1.7213935457492366,1.903366342956455,2.009441320317685,1.8121622405581361
2024-01-30,1.1078144889632418,1.2039654610670458,1.3068784517738097,1.1513322632380072
2024-01-31,1.327480293683678,1.4960491533376956,1.5993071938901602,1.4392069293094567
2024-02-01,1.2212828817852117,1.2793706248844632,1.4064429663558369,1.256241220233523
2024-02-02,1.5839124194256373,1.5990061220509322,1.7254109870378345,1.582253675516542
2024-02-05,1.2274799570881167,1.2731253756643144,1.3968540425672122,1.277384717856303
2024-02-06,1.3960809315234823,1.37636587005726,1.4994575814869489,1.386710577755383
2024-02-07,1.2919867383357955,1.315691234200492,1.4375140792384917,1.3381584780830922
2024-02-08,1.2398304450961282,1.1878580475833251,1.3086973675668987,1.2197217244857588
2024-02-09,1.3399309380607767,1.2442372084705262,1.3651475640911943,1.2754222228386674
2024-02-12,2.1572649843822944,2.021525614954257,2.1420205845886375,2.0566791572007275
2024-02-13,1.5146031558359692,1.3950029686280032,1.511746493820769,1.4659971803771197
2024-02-14,1.3598158122716333,1.210387939060784,1.325571001475505,1.2962905498464599
2024-02-15,1.2451677842107867,1.1685026222761867,1.283712095015649,1.2541529132593834
2024-02-16,0.0264856539782561,0.028545390220450384,0.022460556896216656,0.024239800369609633
2024-02-19,1.909952523288458,2.2075184587254935,2.3518341519005435,2.015092813002567
2024-02-20,0.17801107532932395,0.3428490604909237,0.4823281010567072,0.19663198065927756
2024-02-21,0.6726430492452432,1.0250618951666683,1.1758545943592587,0.7707560228659073
2024-02-22,1.1103430219944845,1.3174455877849989,1.4702657033367632,1.0437701204377652
2024-02-23,1.1275706190997858,1.4071195850428373,1.5593536027113362,1.1390435983375917
2024-02-26,1.7409293733336975,1.9972191671165924,2.186168395473134,1.7707387480358592
2024-02-27,1.347990176325003,1.547823998563816,1.7527887386597172,1.3854063042291642
2024-02-28,1.227777987646369,1.443156066813827,1.6442190949085231,1.306202534348977
2024-02-29,1.6528284105528401,1.851918964291931,2.080503263535122,1.7192290672974768
2024-03-01,0.3219824347040948,0.4896024537610034,0.7113055968291282,0.3949209461202096
2024-03-04,1.7607521720979815,2.0518036761544347,2.28609518061291,1.8330660780091308
2024-03-05,1.6421581847236717,1.8319785677071645,2.0585016336306245,1.656150304708002
2024-03-06,1.6415123990833547,1.8186933867179533,2.038476133076351,1.6800955954417391
2024-03-07,1.2432273893322225,1.3978776447641803,1.611132919947305,1.2953346471320284
2024-03-08,1.4352530716695178,1.514700555299258,1.7245287264012101,1.4198154299696237
2024-03-11,1.7783354328775498,1.7607370177304786,2.0019566266849504,1.6966637855724402
2024-03-12,0.6326946428238481,0.6107409170518946,0.84482189682804,0.5791660080423896
2024-03-13,1.2875722448054951,1.3637309136219868,1.6084114697383682,1.2839018582578319
2024-03-14,0.8297210551945914,0.7824247146118676,1.023076145095928,0.7209380921622479
2024-03-15,1.3699681242449084,1.250393845341545,1.4970272692025106,1.1616744378601327
2024-03-18,2.0072712897535085,1.937465643673459,2.1818662533343,1.858911033325169
2024-03-19,1.9557518284918245,1.8492353076783095,2.085808477755472,1.8063148022346887
2024-03-20,1.4704821749078953,1.3650053951948886,1.594257192052556,1.3554151478210628
2024-03-21,0.009606013759079513,0.01345486296456795,0.0015821216504637193,0.013080338286348303
2024-03-22,1.3560860824453147,1.5267485093265765,1.7908040994709693,1.3587153882900007
2024-03-25,1.8939654809204305,1.9888454521263481,2.2471458940440896,1.8470124126691996
2024-03-26,1.4557938171931246,1.5010876816581855,1.7509360931906144,1.3977321716904596
2024-03-27,1.4076115339058757,1.475145695885759,1.7196423065326016,1.396154044897351
2024-03-28,1.7420688935206687,1.745003356774759,1.9842449098916333,1.6899351445176374
2024-03-29,1.9531796968683566,1.9506163652099826,2.1828483661804308,1.927458858088333
2024-04-01,1.941435114215311,1.9174203505333638,2.1423604663843374,1.927458858088333
2024-04-02,1.4887805845500597,1.452082995346005,1.6700752366797953,1.49375142310196
2024-04-03,0.5633410735836003,0.5357709869454486,0.7492806469548463,0.5978461864751765
2024-04-04,0.2248775671921749,0.2928435272107891,0.5189792339873752,0.29743915500783863
2024-04-05,1.2180093232226774,1.374802689164407,1.620505977435833,1.2903176866654773
2024-04-08,1.5168780178680614,1.5351005759301415,1.7766353755142887,1.4695924510664156
2024-04-09,0.6959329752896987,0.7180118415562919,0.9539665068317075,0.6779070544269261
2024-04-10,1.251356947046835,1.1950360332320087,1.438432773553857,1.1210514978046224
2024-04-11,0.007023096069724056,0.0074670076275188514,0.10012795635309503,0.011026531028663989
2024-04-12,2.0101850391512515,1.9671794342618871,2.2012105875749426,1.7386079998302026
2024-04-15,1.9972560420534502,1.954724462351075,2.1812728443483604,1.7674844667617131
2024-04-16,0.011136845541538199,0.013286466703715916,0.0017433067235836043,0.021039830227592052
2024-04-17,1.5278223065000416,1.5184844463307117,1.7191016817857059,1.1534173885014312
2024-04-18,1.00369536324651,1.0415068572653567,1.2389170638442057,0.6994665519392602
2024-04-19,1.861940732307439,1.979407879768532,2.178940899432933,1.612894515074896
2024-04-22,1.1597741733456437,1.2391104427543624,1.432494663831162,0.9167459986774927
2024-04-23,1.2908199938575076,1.4394903694720897,1.6324766479385566,1.1199831887228955
2024-04-24,2.0105309012658545,2.186260426028736,2.376743579414709,1.8847259059380659
2024-04-25,1.0379506592423275,1.180912521317805,1.3649705524269977,0.9255109505032081
2024-04-26,0.7753861772499734,1.0007039896739356,1.1849735380122666,0.7437837063457843
2024-04-29,1.701937231597456,1.9797830491996438,2.1665975613977615,1.7045896990572957
2024-04-30,1.29180299972473,1.4830402371599871,1.663917814603487,1.2504746064744257
2024-05-01,1.6002925281002196,1.8177331950275064,1.9956983935733956,1.6060787037986612
2024-05-02,0.8418388170456446,1.0322949155487082,1.2051873266051012,0.8570634895721653
2024-05-03,1.693679512798562,1.938262984165925,2.113157916522362,1.7486532771887149
2024-05-06,1.9284768439039555,2.1100912259290205,2.279546193463566,1.9595409501005203
2024-05-07,0.526127733955473,0.6738062009229958,0.8377631482363855,0.5627321991722708
2024-05-08,1.300109706654396,1.5540481278729894,1.725448056612997,1.3895328576412285
2024-05-09,1.4878734653896235,1.6466739869031637,1.8572715575560985,1.517497780418193
2024-05-10,1.2410512297141034,1.3123940696794216,1.517476514135793,1.2136809217968874
2024-05-13,1.7620375983578982,1.8537386361379073,2.0566162830358032,1.7672037911330498
2024-05-14,1.323050306768896,1.372077641905314,1.5687521180287505,1.3198063020476332
2024-05-15,1.5675711895237487,1.6209496644852697,1.8147723500943171,1.5844303234877126
2024-05-16,1.5841423460058695,1.5293490545098514,1.7511318598528907,1.528053703011296
2024-05-17,1.8763524239314309,1.8246090415356158,2.041166062102963,1.8471038657280408
2024-05-20,1.9158226802936713,1.828087438444465,2.0381162887223243,1.8803014961671247
2024-05-21,1.8194743198206125,1.7166767523786557,1.92048411272048,1.797213893617192
2024-05-22,1.2588984843683635,1.1308159189188072,1.3287954494490457,1.2378840217383988
2024-05-23,1.7821828116240062,1.6037434002852786,1.8010983422118678,1.7136549176833877
2024-05-24,1.8892587479830911,1.6878493033977262,1.8799692053084682,1.8215931305965805
2024-05-27,1.9580463386282292,1.743931874798329,1.9307632584133334,1.9017514695231976
2024-05-28,1.6262919884668139,1.4053623107154258,1.587116392875981,1.5862961167639733
2024-05-29,1.2450835376878044,1.0420643267362115,1.2203767700043648,1.2386660558680052
2024-05-30,0.7866745733247692,0.5341566452992969,0.7133562482719858,0.7267196154421952
2024-05-31,1.8660384048723506,1.731096941031235,1.9232103210042786,1.8648704590899963
2024-06-03,1.8853676868932019,1.6957640885137093,1.8825588224320406,1.853750529513405
2024-06-04,0.5368792649005707,0.3403547442725958,0.522116496123591,0.5212536343628911
2024-06-05,1.5871683755663877,1.3893504880016645,1.559388940295048,1.4842044769127825
2024-06-06,1.0472337168764838,0.8129180031658658,0.9878147262897174,0.9322563828591092
2024-06-07,1.8248949037514977,1.6470721185671635,1.862839450994094,1.7468304395002865
2024-06-10,1.5218970089879427,1.2876857736817209,1.4974612561236211,1.4126759809778815
2024-06-11,0.080842145609434,0.009900086473770255,0.018620653617460257,0.00264496658938157
2024-06-12,0.9689154689888672,0.7449152988717282,0.9497768482914584,0.7075340176256827
2024-06-13,1.1260127979899968,1.0226517596219242,1.2345645907381757,0.9483914233880578
2024-06-14,1.8980642765146953,1.689709267118087,1.903048314061841,1.6079896498356538
2024-06-17,1.8103197746224913,1.583088087408254,1.7904672394419245,1.532539440393401
2024-06-18,1.7045491615306145,1.5222849300003738,1.72463416926058,1.49804333434727
2024-06-19,1.7194592677899312,1.5767878134047697,1.774649075567318,1.5760188800692483
2024-06-20,0.9772291432641056,0.8502746450138537,1.043310633630972,0.8747424751593592
2024-06-21,0.8004348534525135,0.7242758915048706,0.9608810289503973,0.7362854988357018
2024-06-24,1.4874426761551003,1.3252840779292439,1.5692918639122277,1.306120877671559
2024-06-25,1.4695789893440092,1.3522962116075892,1.592714316066126,1.3482492837082918
2024-06-26,1.9899660340627465,1.8184082207766745,2.054652511237857,1.831937367169095
2024-06-27,1.6185743798779688,1.4586620692035945,1.6877394729464534,1.502371222055667
2024-06-28,1.252513960631102,1.1150204436498068,1.339165405077942,1.1795002807293327
2024-07-01,0.8592424130673034,0.6680590690806124,0.8915185384642813,0.7354255367353276
2024-07-02,1.2643971067504414,1.1773384569766767,1.4102231552957427,1.205014961425088
2024-07-03,0.959511214885922,0.7762807891190203,1.0074427877254981,0.8112116413054873
2024-07-04,0.551053216982335,0.4573586586714994,0.6952000213447109,0.4641624790513907
2024-07-05,1.2144765921612015,1.2079931456380373,1.4611120300861853,1.1504627963880025
2024-07-08,1.7095732612136234,1.586260974203267,1.8370976635411427,1.5383410270535072
2024-07-09,0.8267609441751597,0.7166779759934772,0.9610833192130847,0.6958406485392898
2024-07-10,1.5891353308771012,1.4209993028116124,1.6729878147509534,1.368228991072759
2024-07-11,1.4762828263148422,1.3480292839148793,1.5951784686862847,1.315637545317873
2024-07-12,1.9833191910293326,1.8718214476229391,2.11506113550249,1.8558927348957976
2024-07-15,1.9984236052027067,1.8602082001691562,2.095888328785553,1.8761130514930302
2024-07-16,1.807768146554746,1.6696233160730505,1.8981044760685633,1.7158432718516459
2024-07-17,1.3243995804822633,1.200337447563723,1.4224048881832487,1.2735657962199132
2024-07-18,1.7856872122080143,1.6752486994322076,1.9127571787892634,1.7485522947873455
2024-07-19,1.6875022909369108,1.5465225440225847,1.7773094515176502,1.6456065061589877
2024-07-22,1.418528524146231,1.242658286693986,1.467454750744023,1.3647183967264778
2024-07-23,1.8776418342497792,1.7235520224912864,1.9457659492167225,1.8555173690996183
2024-07-24,1.5598400786316287,1.3786696842291246,1.5946780762884298,1.5344361540049964
2024-07-25,1.7247199263470985,1.5075278201342306,1.7192112299008828,1.679882616586723
2024-07-26,0.5503173803866122,0.3352599918109476,0.5418965085648894,0.5269719796533364
2024-07-29,1.0962902476235088,1.0076789078115749,1.2350554177522837,1.119843337080739
2024-07-30,1.3242750200144715,1.2160607979498934,1.4449069516666007,1.3225884570764532
2024-07-31,1.3540864680162936,1.2233382792076488,1.4532442011438427,1.3417322055028513
2024-08-01,0.1484881082809293,0.1556083217063392,0.1436345591552613,0.14890045644690794
2024-08-02,0.029520924079536194,0.021592315664155183,0.0014981676459568272,0.05313778097662319
2024-08-05,1.7918101904066965,1.8922215495769557,2.246381005239869,1.073994185181894
2024-08-06,2.3335186218093296,2.310641413411361,2.6556319304731786,1.5403687054040305
2024-08-07,0.5186891575341366,0.47620749873932117,0.8095131825582998,0.01226063789538774
2024-08-08,2.1566795511302286,2.273771834092974,2.6207251595999366,1.4932334008324888
2024-08-09,1.8678363155631308,1.8163502813043613,2.1516433243931607,1.0967965335210066
2024-08-12,2.2651144732869017,2.28305773392127,2.6101757771029876,1.6062602230994072
2024-08-13,2.169185566991691,2.2274378287643777,2.5433940194057016,1.6090181549542206
2024-08-14,1.8233343583664745,1.955279429252689,2.260558686749104,1.3927014054430789
2024-08-15,0.6288447133492476,0.8268918400042515,1.1231385033255417,0.31155537476568046
2024-08-16,1.820211761239298,2.164800922104816,2.4669667638954182,1.6185064385019832
2024-08-19,1.7065648309678005,2.008349397952069,2.300417847597146,1.5148654949210072
2024-08-20,0.9457673831339374,1.2552409872395418,1.5381644497376432,0.8095864715980997
2024-08-21,1.9546118360700202,2.181660854281945,2.4627317026830435,1.745695734142642
2024-08-22,1.8977461758675156,2.10767692166007,2.3791162927134284,1.722085591422895
2024-08-23,1.2209177605366133,1.429386349535522,1.6917434826119913,1.0912962209490178
2024-08-26,2.0086452341780032,2.2451508969387515,2.5036079117272783,1.927458858088333
2024-08-27,1.6774592386654352,1.8535717079715157,2.1031924054612827,1.58209467592072
2024-08-28,0.7357561761026831,0.9054984196667932,1.1476312730675131,0.6731837166485257
2024-08-29,1.511421894653737,1.5881380070883848,1.8338966595433075,1.3368599370611518
2024-08-30,1.589195584159008,1.678561804910395,1.9188077465254048,1.4561158784489758
2024-09-02,1.6027402431611277,1.6719701420664652,1.9060082856735898,1.4819917490180208
2024-09-03,0.695931213214211,0.6918689551024776,0.9196752425396806,0.5344839225604076
2024-09-04,2.200691572345285,2.122303408584676,2.3579061194878417,1.9470337694510336
2024-09-05,1.2438061792475084,1.1631329013836522,1.3909205451195716,1.028737007506364
2024-09-06,0.28295138676173237,0.2664921782737976,0.4938955542938435,0.13410605096571732
2024-09-09,1.0966350091151,1.0419890884834682,1.2289415819774088,0.7653093409970911
2024-09-10,0.6414994367372929,0.6718008629536439,0.8607609860899739,0.3807061561143249
2024-09-11,1.905979450271012,1.8206330063971625,2.016914230923924,1.4851965276543957
2024-09-12,1.696968724672246,1.6399399597126554,1.8308660215728196,1.3429540251028862
2024-09-13,1.7091869870345089,1.7006964874686308,1.887452416483075,1.4336524775038302
2024-09-16,2.042288860506004,2.0810859258620122,2.2632881976888433,1.8467375794203784
2024-09-17,1.2014343607651452,1.1767340647878486,1.4080780680938358,1.0406571506576843
2024-09-18,1.5110954113784325,1.582704970459434,1.8134726083524877,1.4496425170573333
2024-09-19,1.0241297164877257,1.0361573023382833,1.261412197091163,0.9319271614362644
2024-09-20,1.103079970614803,1.2027444091070536,1.4296210495988808,1.090032342101809
2024-09-23,1.927457496788262,1.9323011271791928,2.1578990487412404,1.8262769146314695
2024-09-24,0.8397515481877811,0.832386371052433,1.0507631002395077,0.7641298668641184
2024-09-25,0.874100668876748,0.9679699927284995,1.1916618483699801,0.8719147351765288
2024-09-26,0.21504159987249274,0.1970401978495785,0.4231368090922039,0.08840777803636359
2024-09-27,1.6653232426828208,1.8390031206169504,2.0856750631008953,1.6227592331445129
2024-09-30,0.964006423909088,1.062095054890752,1.301417290132456,0.8842910240566776
2024-10-01,1.1525880852760402,1.167258604607866,1.4074737870960257,0.9847843518169098
2024-10-02,2.0180057464991736,1.9732838495031173,2.212763542505373,1.794656295562245
2024-10-03,2.0489789117034367,2.028649622276492,2.260403076342349,1.8904312312151927
2024-10-04,0.029511479476620316,0.002883508677001656,0.22536593093846408,0.005549273474283356
2024-10-07,0.8880277388917505,1.0051672635844608,1.3491461870527122,0.8271049710871271
2024-10-08,0.5087066625215311,0.6042828835918421,0.9492400741236983,0.4227615668169748
2024-10-09,1.510514848022368,1.4490136180341335,1.829283573067249,1.2543250585617083
2024-10-10,1.8311433122249285,1.808754393644833,2.181048880090406,1.639923467718187
2024-10-11,1.472162473284262,1.4230063357530842,1.8082544238788247,1.2867375566194919
2024-10-14,1.7970772164489515,1.7553708840503355,2.149046054766519,1.6379326567070502
2024-10-15,1.8649067342995909,1.7725029636055072,2.153706785982366,1.6900178699007071
2024-10-16,1.44671528606452,1.3447976715202885,1.7138331534756557,1.296416478800265
2024-10-17,0.6685661951587076,0.5995962408163941,0.9613950220149818,0.5714971668995029
2024-10-18,1.8346227508669972,1.8395538553894346,2.2131516301992176,1.7783860394832502
2024-10-21,1.4263067759351873,1.3538359828365198,1.715299228827003,1.3266773049899014
2024-10-22,1.410626007457108,1.2868280472509732,1.640679437745928,1.2810029249376493
2024-10-23,1.3978589841287814,1.3078009530178487,1.655575207059772,1.319008067861459
2024-10-24,0.7521494547189925,0.5933549790211347,0.9344268715851409,0.6233466334395394
2024-10-25,0.4609908599024264,0.3947586174819382,0.7480510455223319,0.3905000851508358
2024-10-28,1.815537018937191,1.638881224939939,1.994998586686509,1.5891642715953886
2024-10-29,1.8897394995250818,1.719483834859616,2.0653116664452464,1.7003386431096406
2024-10-30,1.5560916758755385,1.3566284347510977,1.691762968587068,1.3692546596109303
2024-10-31,1.59234020088478,1.4308556526617877,1.7593630943597405,1.4631719778216181
2024-11-01,1.1191205220780622,0.9000121116691753,1.2207099681796951,0.9555319041174395
2024-11-04,1.069166622192085,0.9262814059189832,1.2499236750428149,0.9730528999471758
2024-11-05,1.529030372330771,1.4114538378216976,1.7373336966430974,1.4515771119884802
2024-11-06,0.8883039093696801,0.7499080881103356,1.0685429220327225,0.8115574349446715
2024-11-07,1.0902144703081296,1.011656934857996,1.3375161041507326,1.0518416807662387
2024-11-08,0.666197776592299,0.49211031390454146,0.8175611406216265,0.5335083078111349
2024-11-11,0.20577263404725588,0.000244231285482166,0.31402455099778565,0.00025343212503893265
2024-11-12,1.0057389061607345,1.004782033908177,1.3580142482617044,0.8925350854041206
2024-11-13,1.362798122603699,1.2127290469603353,1.56598890131827,1.1003924855266658
2024-11-14,2.0650941725327963,1.9631641556075725,2.3125859614878284,1.863271107677519
2024-11-15,1.1958262111955065,1.0692400568220586,1.4070921230505036,1.006857793976643
2024-11-18,1.6251074141311872,1.579531938027157,1.9165254023020115,1.5199333880675665
2024-11-19,1.2716581772205846,1.2123751390705864,1.5403918783302355,1.1818804421744964
2024-11-20,1.7051115589899477,1.5892241240651128,1.913171240870952,1.5719237373120847
2024-11-21,1.499069562901121,1.4080711464549558,1.7232139255798544,1.4193157078599157
2024-11-22,0.8715859599890177,0.7990791619792811,1.1075920516760007,0.8318187928464481
2024-11-25,0.9873343408161825,0.8343814969740527,1.1481951246034503,0.8499353615779708
2024-11-26,1.2805616635538732,1.2062512266989351,1.5249859751301913,1.2058500992002288
2024-11-27,2.0338135387913,1.8630168634443371,2.177863165539653,1.8752226466636077
2024-11-28,1.3553266577713678,1.1842961463476795,1.4891386891878273,1.2289355775791004
2024-11-29,1.919760389441949,1.79424230866644,2.096103032323511,1.8485492330224933
2024-12-02,1.791766780413346,1.6336016622837575,1.9260752757214958,1.7183429684496094
2024-12-03,1.8641347185964905,1.7100779668557347,1.9942127392806894,1.8218550130208462
2024-12-04,1.823827348063356,1.664604564129742,1.9403248718631088,1.803662533301539
2024-12-05,1.0612506085318465,0.8833019447724361,1.1510068655440089,1.0483469686872504
2024-12-06,1.5287688394008894,1.4078816826934142,1.6794658330965206,1.5603496777915382
2024-12-09,1.3417679677970766,1.1482997838867108,1.4137585482949753,1.3206271746607785
2024-12-10,1.4367188643006754,1.2698389169899333,1.5333359015846384,1.4485266843311861
2024-12-11,1.3713181626824393,1.1371378169535458,1.396359198801159,1.3296877126209397
2024-12-12,1.3619893469847497,1.15920354951542,1.41673484840902,1.357232940864748
2024-12-13,1.8504175315076914,1.6494089115479136,1.9048673710047606,1.8541587509770603
2024-12-16,1.8325591168518967,1.6024142219860618,1.8507827013847964,1.8301508118709635
2024-12-17,0.950508989194801,0.7003182410178077,0.9419623358189191,0.9498562675001532
2024-12-18,1.1863707987414887,0.8929653992407072,1.1432004633110084,1.114650249106854
2024-12-19,0.992702149720519,0.7587449682735534,1.0127394139778385,0.9682413540283735
2024-12-20,1.6052979472310924,1.286706332969595,1.5474593659858704,1.4742903919335393
2024-12-23,1.7938543195010375,1.4416176351284633,1.6979064903194265,1.6436752103533103
2024-12-24,1.4636783185819588,1.139210279564656,1.389615361579457,1.360343906432828
2024-12-25,1.9810735619768467,1.6999560567589993,1.9487315797889546,1.9263729517648192
2024-12-26,1.976760367225107,1.6612031805122527,1.9196260421676203,1.9263729517648192
2024-12-27,1.8364034074473226,1.5193607937279252,1.7819694170095375,1.791716203165823
2024-12-30,1.799244968184978,1.4976775787281296,1.753675509161546,1.7885606103828942
2024-12-31,1.403202562986634,1.106196236204108,1.355951412029564,1.4145756788440655
2025-01-01,1.8632476723894444,1.5838390385878096,1.8382557201347098,1.8792947415804961
2025-01-02,1.7835839665028876,1.4781702115109971,1.726296353716576,1.7906975153768618
2025-01-03,1.7349352153218944,1.4147567731924129,1.6570555491707089,1.7430986940531228
2025-01-06,0.6431022098000748,0.3077298733351041,0.5447306707470101,0.6504497307466501
2025-01-07,0.3788795801129144,0.16421970330155738,0.4277068327498126,0.4350595414357714
2025-01-08,1.949874501483183,1.6473491861521214,1.9353518208154619,1.870375010217842
2025-01-09,1.9168785158443513,1.6039721453264775,1.883864249522368,1.8497291486997225
2025-01-10,0.9306665048065994,0.6203205006494203,0.8925662837168428,0.8875076555166612
2025-01-13,1.6818703724161626,1.340733128408853,1.612294207460687,1.5640873423324622
2025-01-14,1.4235791397898399,1.1020978158218953,1.3683567129913619,1.34120561984179
2025-01-15,0.06256082346057233,0.07781312423849146,0.06386944479598844,0.06502068060081456
2025-01-16,1.3036008847569382,1.4753587366750305,1.8709413133496307,1.330226187974782
2025-01-17,0.8538828323891101,0.9025079681475897,1.2889266315303656,0.7846028018495533
2025-01-20,1.7203742404367584,1.8002881249479181,2.1892449874088684,1.6748415825244598
2025-01-21,1.0895678022583604,1.1275438432614409,1.5041740668570311,1.0387216227224503
2025-01-22,1.7546276907491993,1.8357656194817926,2.2095710710868848,1.755336226846682
2025-01-23,0.7254457179931361,0.7439001671591514,1.1055603240575709,0.6995562952874416
2025-01-24,0.8612828404656677,0.9571306619604302,1.3259238817171421,0.8915933737002198
2025-01-27,1.662299204798107,1.6307629536699118,2.000204382303426,1.5632997380898797
2025-01-28,1.9047552560414944,1.827670789748282,2.186385046925821,1.792079634719772
2025-01-29,0.5827761173209295,0.5031333783921739,0.8503417546453829,0.5017279483727118
2025-01-30,1.921089970452876,1.9530351256814071,2.315366487337557,1.9066970022244918
2025-01-31,1.7636311249183203,1.7177496975648772,2.068158159884368,1.7068363243477882
2025-02-03,0.31767424403011196,0.26592644778902463,0.6056315693833306,0.2868143303919529
2025-02-04,1.5523978218961285,1.4474660644508766,1.7921766062396007,1.4064706500471533
2025-02-05,1.6654475462531722,1.5853048973264197,1.9223551524564146,1.5686889372932962
2025-02-06,0.010929529831196827,0.01576948286497042,0.028315108792650256,0.015117212203777465
2025-02-07,1.625161435165325,1.758093827578017,2.1343162945172396,1.6168092757617996
2025-02-10,2.0606871764697225,2.048207987367441,2.4128034257004787,1.943927352767186
2025-02-11,1.177393294317653,1.1533844333557475,1.5057230234818497,1.0881121655308879
2025-02-12,1.5023931132253991,1.5324931444505019,1.88203855686072,1.476110380596852
2025-02-13,0.6649457775092846,0.6786685967984428,1.0194280480423024,0.6502478334416051
2025-02-14,1.828776614215584,1.7431435407285663,2.0924781011659794,1.6874318295755473
2025-02-17,1.2996628487992217,1.1835705571909236,1.5220873202798282,1.162287322229177
2025-02-18,1.1018728353515563,1.0366089245946921,1.3718183465262608,1.0258515584973167
2025-02-19,1.5850246883921706,1.544941128589039,1.8799327893154494,1.5348768043582897
2025-02-20,2.0092847111486822,1.8834808870921125,2.209578801469578,1.9017215980326934
2025-02-21,0.30999055165093004,0.17748757823881817,0.49309290128398203,0.22912177208825535
2025-02-24,1.240892294719157,1.2804568985393505,1.6234010968004409,1.2450830089366183
2025-02-25,0.8879897499869299,0.7980490328851638,1.1355193195434365,0.7800962900482025
2025-02-26,0.02408630214134997,0.024889639156632715,0.006823520690406249,0.026803692899398136
2025-02-27,1.8852339851336462,2.0969858059082433,2.496364435683645,1.882004976078784
2025-02-28,0.6407301999015341,0.732012231273423,1.1176274709468907,0.5608344542438888
2025-03-03,1.9253503648570631,2.1036315177495264,2.496740823389946,1.9086032965485085
2025-03-04,0.020773971463368623,0.014659624756420431,0.10108356333888524,0.022664157040294966
2025-03-05,0.8341925085450161,0.9147678378407925,1.3106708603700363,0.6026612520862479
2025-03-06,1.141678862481662,1.3088052536345882,1.7076936646993732,0.9863093661146755
2025-03-07,0.835781344971181,0.8661660934955362,1.2594149163558335,0.5632962556476514
2025-03-10,0.012110750999212994,0.015417168592054421,0.10395357179461652,0.03173174990848348
2025-03-11,1.1735961680432565,1.0837448941081287,1.4760988561659503,0.6022785652403398
2025-03-12,1.0435632620322457,0.8607087002209396,1.2527717866730848,0.38040946900563516
2025-03-13,2.025482369815987,1.9696797528573682,2.3666781798360605,1.4695781586031889
2025-03-14,1.2836225056893587,1.1039618783598526,1.4885762995306606,0.6535493739595927
2025-03-17,2.2137985728581966,2.15077901568048,2.5351172809915723,1.7014745480124334
2025-03-18,0.6193933589153106,0.5493931861174216,0.9206752020590834,0.15247509149676283
2025-03-19,2.200898551373912,2.333743316559664,2.7176764187074887,1.8860645093715478
2025-03-20,1.4654308207299278,1.5598792611102474,1.930203742813396,1.1668031385908448
2025-03-21,1.746989987429351,1.819753284919413,2.182069228120488,1.45881030214505
2025-03-24,1.0816146447017576,1.1488242792088346,1.5005048913042258,0.8305540738164132
2025-03-25,1.3962094651584085,1.5734866977033162,1.923957287607367,1.2600715369808886
2025-03-26,2.0453804315778448,2.219202558044906,2.561901905342649,1.9369684205012314
2025-03-27,1.6641575152559067,1.8029123910472433,2.1337175349786954,1.5684020796206535
2025-03-28,0.8884869012065679,0.9523656687218306,1.311343482495109,0.7742893490086759
2025-03-31,1.0850598859111067,1.0847318339604726,1.4452922279578502,0.9011480557305029
2025-04-01,1.4249903026185984,1.355680391595218,1.7149302533436508,1.176657331290381
2025-04-02,1.7075204833899882,1.659765246711598,2.0382883505834317,1.5219308588281077
2025-04-03,0.1905446736517371,0.19388647027946845,0.17452486176459167,0.19935656761251913
2025-04-04,0.1250619524775957,0.12375164281815257,0.0973296792389842,0.15932327073424776
2025-04-07,1.6387406374710096,1.6598510219869307,2.207762478655865,0.5542320201398186
2025-04-08,1.953282811032839,1.7943647170859551,2.3324102994876426,0.7409467579790641
2025-04-09,0.4017326197315692,0.2389705773547816,0.7655644200523999,0.04044730942873026
2025-04-10,0.15172032673264071,0.009003101113375345,0.3474776443236193,0.06673989290061302
2025-04-11,2.7885380338409314,2.7192370725250417,3.270715301441126,1.4808455016363833
2025-04-14,0.5416470527008066,0.2878942979665148,0.8200471235294609,0.04566045207556249
2025-04-15,1.3122084891810875,1.242201071702031,1.7942829810796932,0.001218377688056682
2025-04-16,3.3534967608030573,3.2554495056755948,3.8060002835730273,2.0210387490338424
2025-04-17,3.1553077373729352,3.003770672641664,3.533585762011355,1.8583618391748873
2025-04-18,3.1564027107462254,3.0825870377398363,3.5926267856164706,2.022058116602438
2025-04-21,2.925740901301798,3.000687099664921,3.4916457811355617,2.022058116602438
2025-04-22,2.0408242657722555,2.2506950397512737,2.723355862139472,1.3506043047022744
2025-04-23,0.04675703868229615,0.029078039693766322,0.004988966380898497,0.0730697816508512
2025-04-24,1.4913419894498743,2.190187236092149,2.693553380486154,1.1583028204731707
2025-04-25,1.983495355724597,2.4878430868145704,2.976174596460687,1.5204904761079396
2025-04-28,2.2505130723696314,2.7955857276963743,3.267135586933564,1.9002634794465467
2025-04-29,1.139253197706189,1.672345947405464,2.1264650484406022,0.8518401683702935
2025-04-30,1.2821524538063216,1.8822869408314937,2.3276095066508695,1.0995377354655278
2025-05-01,1.88258648926667,2.3407359320671945,2.7745076007323193,1.6075655993655886
2025-05-02,1.5817739188550826,1.9898551203187798,2.408676319190567,1.3208553388962467
2025-05-05,2.2128466821417176,2.6389187207653433,3.045592522129519,2.022058116602438
2025-05-06,1.6076879462066576,1.9871835479321092,2.379058566153398,1.43384242413776
2025-05-07,1.9895956472629284,2.2915638579501123,2.6714823243788186,1.7895427615885318
2025-05-08,1.0844957602646284,1.3445867477570281,1.711172329877566,0.8997931865847841
2025-05-09,1.699113083205371,2.00423133826851,2.36676941967012,1.5768104988920584
2025-05-12,0.12009653534930351,0.36571836877699626,0.7168252847226311,0.0006651321837016111
2025-05-13,2.0293620121387055,2.3937849428716453,2.762327584378776,1.940591272441329
2025-05-14,1.8262436957100716,2.076416569608712,2.4318325934839735,1.679565094541519
2025-05-15,1.7280354058982776,1.957226107673613,2.3009347232138815,1.6106252840769542
2025-05-16,1.6020328347838717,1.8263341056481253,2.1592752884967945,1.5259493609594506
2025-05-19,1.721373210115919,1.9585285309049383,2.2818262696294953,1.6995354705062804
2025-05-20,0.8713028673981201,1.0928890030997662,1.4058468093297927,0.8782771011218405
2025-05-21,1.7532640372219,2.004748657854956,2.339497623142769,1.8110976387930628
2025-05-22,1.8558841515094273,2.0305797177886142,2.3541463502191875,1.8811009589712457
2025-05-23,1.272451925514755,1.4397739519915973,1.7525075545421411,1.3330876427647054
2025-05-26,2.003302947352823,2.10422094359687,2.410746357125074,2.022058116602438
2025-05-27,1.5367751927682725,1.6271830139300818,1.9234217520970138,1.5856544362385443
2025-05-28,1.0040409535124981,1.070918448729577,1.389608837154901,1.0672745480093062
2025-05-29,1.3680870707655333,1.3463947354468837,1.6641567678760265,1.3459815601330996
2025-05-30,1.8635561545048596,1.8623838824249752,2.1747341793844126,1.8808038178436017
2025-06-02,1.9779077466117718,1.9402317068902615,2.2426009097752706,1.993386350054045
2025-06-03,1.8141916498035713,1.7567529840043508,2.0494092798469654,1.843709030597224
2025-06-04,1.566767412631471,1.5002486739759953,1.7839827156116748,1.6182546124940325
2025-06-05,1.9167247516516226,1.8160776435259498,2.092709251308875,1.9588004079064723
2025-06-06,0.8788179924676488,0.7695585861554493,1.0376908758091554,0.9418594037083077
2025-06-09,1.8394182666363208,1.8093472682830287,2.0843937431425243,1.957586374702007
2025-06-10,0.27584450582514236,0.18333922239320144,0.44996284496394345,0.36089027702635723
2025-06-11,1.8307173089883204,1.7115738069666755,1.976233497311542,1.7947882445724688
2025-06-12,1.7921054310656026,1.6766304846720974,1.9335529940802407,1.7904082022534649
2025-06-13,1.3171101664452192,1.202495339815936,1.4520868312137036,1.3452319195189915
2025-06-16,0.7528129142787305,0.5787719945104454,0.825928056319786,0.7311289665735415
2025-06-17,0.8634431177024515,0.8051422229783739,1.0643588861009905,0.9098576137438293
2025-06-18,1.4051377225478794,1.2344340517106194,1.4990967766331462,1.317636502179574
2025-06-19,1.008362731810396,0.8817476036464584,1.1437339339050439,0.9755223026007667
2025-06-20,1.7241336985309172,1.5172000354076842,1.7828489269843437,1.5965069472044362
2025-06-23,1.0319759886375544,0.8623012278822744,1.121657484546443,0.9664651986243211
2025-06-24,0.005451010708652226,0.017424972792552673,0.0035585482693817785,0.012796274209815318
2025-06-25,1.7344916807192765,1.8041114871403265,2.1123264497634713,1.715274632170658
2025-06-26,1.6430604514848808,1.5852252863128484,1.8839228315443772,1.5339839709542218
2025-06-27,0.8002771217681487,0.7087526362808559,0.9997790461935852,0.6878137086260243
